trait	gene	mouse_gene_1to1	gwas_pp4
WMH_discovery	DCAKD	Dcakd	0.996318927274322
LAC_discovery	ZCCHC14	Zcchc14	0.995038265626188
WMH_discovery	SH3PXD2A	Sh3pxd2a	0.969678030030681
WMH_discovery	NMT1	Nmt1	0.898757331456149
LAC_discovery	NBEAL1	Nbeal1	0.800283274027699
LAC_discovery	CELF1	Celf1	0.770676863082728
WMH_discovery	ZFPM1-AS1		0.669192575410377
LAC_discovery	MADD	Madd	0.467448478492894
WMH_discovery	GNB2	Gnb2	0.454922582735831
WMH_discovery	SFR1	Sfr1	0.435121304570096
WMH_discovery	UNC13D	Unc13d	0.356156245810104
WMH_discovery	EPO	Epo	0.341760125567816
LAC_discovery	NUP160	Nup160	0.277241578760728
WMH_discovery	CCDC170	Ccdc170	0.272694918008291
LAC_discovery	SNAI3	Snai3	0.205266078747039
WMH_discovery	MRPL38	Mrpl38	0.204444107172639
WMH_discovery	GIGYF1	Gigyf1	0.200204199910854
WMH_discovery	VGF	Vgf	0.193553186579189
WMH_discovery	ENSG00000267801		0.192220282917797
WMH_discovery	LINC01914		0.184323924973709
WMH_discovery	CHORDC1P1		0.168456805242315
LAC_discovery	BANP	Banp	0.16037698532449
WMH_discovery	PDCL3P5		0.154756570563311
WMH_discovery	SLC16A5	Slc16a5	0.148805196740952
LAC_discovery	ENSG00000226180		0.136226575462052
WMH_discovery	SFXN2	Sfxn2	0.122222780805642
WMH_discovery	FOXC2-AS1		0.117007780767333
WMH_discovery	DYNC2LI1	Dync2li1	0.11284660364844
WMH_discovery	ENSG00000261161		0.111681780918701
WMH_discovery	ULBP1		0.0986941293072928
WMH_discovery	SLK	Slk	0.0965228009537885
WMH_discovery	FENDRR		0.0958903973476903
WMH_discovery	ENSG00000272180		0.0861933748393257
WMH_discovery	PRORSD1P		0.0781907718378915
WMH_discovery	CDPF1P1		0.076035707339886
LAC_discovery	PPIL3	Ppil3	0.0293198024166379
WMH_discovery	TAB2	Tab2	0.0239876808129415
WMH_discovery	LRPPRC	Lrpprc	0.017578885380992
LAC_discovery	CDK15	Cdk15	0.0161348515632521
WMH_discovery	SPTBN1	Sptbn1	0.0129479615590023
